Type,Name,Request Count,Failure Count,Median Response Time,Average Response Time,Min Response Time,Max Response Time,Average Content Size,Requests/s,Failures/s,50%,66%,75%,80%,90%,95%,98%,99%,99.9%,99.99%,100%
GET,perf_check,492,0,32,129.37535544306303,22.862963000079617,3242.55051700311,118.8089430894309,16.972879632383904,0.0,33,38,45,72,520,720,730,780,3200,3200,3200
,Aggregated,492,0,32,129.37535544306303,22.862963000079617,3242.55051700311,118.8089430894309,16.972879632383904,0.0,33,38,45,72,520,720,730,780,3200,3200,3200
