Type,Name,Request Count,Failure Count,Median Response Time,Average Response Time,Min Response Time,Max Response Time,Average Content Size,Requests/s,Failures/s,50%,66%,75%,80%,90%,95%,98%,99%,99.9%,99.99%,100%
GET,perf_check,782,0,31,40.88033571228468,22.64851899963105,192.56083199798013,118.79795396419438,27.111699753324086,0.0,31,34,39,43,61,100,170,180,190,190,190
,Aggregated,782,0,31,40.88033571228468,22.64851899963105,192.56083199798013,118.79795396419438,27.111699753324086,0.0,31,34,39,43,61,100,170,180,190,190,190
