Type,Name,Request Count,Failure Count,Median Response Time,Average Response Time,Min Response Time,Max Response Time,Average Content Size,Requests/s,Failures/s,50%,66%,75%,80%,90%,95%,98%,99%,99.9%,99.99%,100%
GET,perf_check,700,0,41,72.85695568430258,23.746667999148485,279.15470900006767,119.79142857142857,79.98133631667503,0.0,41,54,71,110,200,270,270,270,280,280,280
,Aggregated,700,0,41,72.85695568430258,23.746667999148485,279.15470900006767,119.79142857142857,79.98133631667503,0.0,41,54,71,110,200,270,270,270,280,280,280
