Type,Name,Request Count,Failure Count,Median Response Time,Average Response Time,Min Response Time,Max Response Time,Average Content Size,Requests/s,Failures/s,50%,66%,75%,80%,90%,95%,98%,99%,99.9%,99.99%,100%
GET,perf_check,3505,0,54,67.78184175663573,22.582455000701884,491.52875799973117,119.81968616262482,90.11559882902844,0.0,54,72,85,93,120,150,220,250,480,490,490
,Aggregated,3505,0,54,67.78184175663573,22.582455000701884,491.52875799973117,119.81968616262482,90.11559882902844,0.0,54,72,85,93,120,150,220,250,480,490,490
