Type,Name,Request Count,Failure Count,Median Response Time,Average Response Time,Min Response Time,Max Response Time,Average Content Size,Requests/s,Failures/s,50%,66%,75%,80%,90%,95%,98%,99%,99.9%,99.99%,100%
GET,perf_check,714,0,43,54.72910397338255,25.58300200053054,257.6072199999544,118.79691876750701,18.271055891987167,0.0,43,62,67,72,90,110,130,220,260,260,260
,Aggregated,714,0,43,54.72910397338255,25.58300200053054,257.6072199999544,118.79691876750701,18.271055891987167,0.0,43,62,67,72,90,110,130,220,260,260,260
