Type,Name,Request Count,Failure Count,Median Response Time,Average Response Time,Min Response Time,Max Response Time,Average Content Size,Requests/s,Failures/s,50%,66%,75%,80%,90%,95%,98%,99%,99.9%,99.99%,100%
GET,perf_check,1408,0,42,56.545121609363235,22.543158999724255,249.14401000023645,118.83025568181819,36.323197890983955,0.0,42,59,70,81,100,120,150,190,250,250,250
,Aggregated,1408,0,42,56.545121609363235,22.543158999724255,249.14401000023645,118.83025568181819,36.323197890983955,0.0,42,59,70,81,100,120,150,190,250,250,250
