Type,Name,Request Count,Failure Count,Median Response Time,Average Response Time,Min Response Time,Max Response Time,Average Content Size,Requests/s,Failures/s,50%,66%,75%,80%,90%,95%,98%,99%,99.9%,99.99%,100%
GET,perf_check,2134,0,43,55.8781478430165,23.236121000081766,214.67765099987446,118.82755388940956,54.57573832088025,0.0,43,61,69,76,99,130,150,160,210,210,210
,Aggregated,2134,0,43,55.8781478430165,23.236121000081766,214.67765099987446,118.82755388940956,54.57573832088025,0.0,43,61,69,76,99,130,150,160,210,210,210
