Type,Name,Request Count,Failure Count,Median Response Time,Average Response Time,Min Response Time,Max Response Time,Average Content Size,Requests/s,Failures/s,50%,66%,75%,80%,90%,95%,98%,99%,99.9%,99.99%,100%
GET,perf_check,2825,0,39,60.83269680460475,20.975571000235504,308.95044899989443,118.80176991150442,72.24213995778878,0.0,39,64,77,85,110,150,220,250,300,310,310
,Aggregated,2825,0,39,60.83269680460475,20.975571000235504,308.95044899989443,118.80176991150442,72.24213995778878,0.0,39,64,77,85,110,150,220,250,300,310,310
