Type,Name,Request Count,Failure Count,Median Response Time,Average Response Time,Min Response Time,Max Response Time,Average Content Size,Requests/s,Failures/s,50%,66%,75%,80%,90%,95%,98%,99%,99.9%,99.99%,100%
GET,perf_check,3558,0,33,54.041274179857815,21.94950500052073,531.782262998604,119.80747611017425,91.32253065126348,0.0,33,43,56,66,110,170,220,260,440,530,530
,Aggregated,3558,0,33,54.041274179857815,21.94950500052073,531.782262998604,119.80747611017425,91.32253065126348,0.0,33,43,56,66,110,170,220,260,440,530,530
