Type,Name,Request Count,Failure Count,Median Response Time,Average Response Time,Min Response Time,Max Response Time,Average Content Size,Requests/s,Failures/s,50%,66%,75%,80%,90%,95%,98%,99%,99.9%,99.99%,100%
GET,perf_check,6666,0,100.0,123.11020519606973,22.367399000359,1168.400118000136,119.82133213321332,170.43580625670242,0.0,100,140,170,180,240,280,360,410,590,1200,1200
,Aggregated,6666,0,100.0,123.11020519606973,22.367399000359,1168.400118000136,119.82133213321332,170.43580625670242,0.0,100,140,170,180,240,280,360,410,590,1200,1200
