Type,Name,Request Count,Failure Count,Median Response Time,Average Response Time,Min Response Time,Max Response Time,Average Content Size,Requests/s,Failures/s,50%,66%,75%,80%,90%,95%,98%,99%,99.9%,99.99%,100%
GET,perf_check,9291,0,180.0,208.65384448584666,24.413547000222025,9220.970266000222,119.8324184694866,237.17053287861884,0.0,180,230,260,280,330,440,590,650,1300,9200,9200
,Aggregated,9291,0,180.0,208.65384448584666,24.413547000222025,9220.970266000222,119.8324184694866,237.17053287861884,0.0,180,230,260,280,330,440,590,650,1300,9200,9200
