Type,Name,Request Count,Failure Count,Median Response Time,Average Response Time,Min Response Time,Max Response Time,Average Content Size,Requests/s,Failures/s,50%,66%,75%,80%,90%,95%,98%,99%,99.9%,99.99%,100%
GET,perf_check,10136,0,450.0,471.5615356167291,72.62879200061434,7893.474472999515,119.82172454617206,259.14640052101066,0.0,450,510,540,550,580,680,790,1100,2800,7900,7900
,Aggregated,10136,0,450.0,471.5615356167291,72.62879200061434,7893.474472999515,119.82172454617206,259.14640052101066,0.0,450,510,540,550,580,680,790,1100,2800,7900,7900
