Type,Name,Request Count,Failure Count,Median Response Time,Average Response Time,Min Response Time,Max Response Time,Average Content Size,Requests/s,Failures/s,50%,66%,75%,80%,90%,95%,98%,99%,99.9%,99.99%,100%
GET,perf_check,10314,0,770.0,794.742203396453,102.60127100082173,6420.263190000696,119.8173356602676,263.73770617652366,0.0,770,800,850,890,970,1100,1300,1600,3300,6300,6400
,Aggregated,10314,0,770.0,794.742203396453,102.60127100082173,6420.263190000696,119.8173356602676,263.73770617652366,0.0,770,800,850,890,970,1100,1300,1600,3300,6300,6400
