Type,Name,Request Count,Failure Count,Median Response Time,Average Response Time,Min Response Time,Max Response Time,Average Content Size,Requests/s,Failures/s,50%,66%,75%,80%,90%,95%,98%,99%,99.9%,99.99%,100%
GET,perf_check,520,0,40,54.42347087309652,22.41042700006801,207.95791999989888,118.85576923076923,18.259006729887826,0.0,40,52,65,69,100,130,190,190,210,210,210
,Aggregated,520,0,40,54.42347087309652,22.41042700006801,207.95791999989888,118.85576923076923,18.259006729887826,0.0,40,52,65,69,100,130,190,190,210,210,210
