Type,Name,Request Count,Failure Count,Median Response Time,Average Response Time,Min Response Time,Max Response Time,Average Content Size,Requests/s,Failures/s,50%,66%,75%,80%,90%,95%,98%,99%,99.9%,99.99%,100%
GET,perf_check,780,0,33,53.63517375639602,22.107697999672382,297.86614600016037,118.82307692307693,27.39064333206001,0.0,33,45,73,77,90,180,220,230,300,300,300
,Aggregated,780,0,33,53.63517375639602,22.107697999672382,297.86614600016037,118.82307692307693,27.39064333206001,0.0,33,45,73,77,90,180,220,230,300,300,300
