Type,Name,Request Count,Failure Count,Median Response Time,Average Response Time,Min Response Time,Max Response Time,Average Content Size,Requests/s,Failures/s,50%,66%,75%,80%,90%,95%,98%,99%,99.9%,99.99%,100%
GET,perf_check,3412,0,40,95.00869170077102,21.73850899998797,1095.0661780007067,119.78868698710434,87.57062481875144,0.0,40,50,65,76,190,410,850,870,1100,1100,1100
,Aggregated,3412,0,40,95.00869170077102,21.73850899998797,1095.0661780007067,119.78868698710434,87.57062481875144,0.0,40,50,65,76,190,410,850,870,1100,1100,1100
