Type,Name,Request Count,Failure Count,Median Response Time,Average Response Time,Min Response Time,Max Response Time,Average Content Size,Requests/s,Failures/s,50%,66%,75%,80%,90%,95%,98%,99%,99.9%,99.99%,100%
GET,perf_check,6554,0,48,144.3447103053169,20.861332999629667,5295.616632000019,119.80164784864205,167.7624218956689,0.0,48,70,110,150,240,440,1100,1100,5300,5300,5300
,Aggregated,6554,0,48,144.3447103053169,20.861332999629667,5295.616632000019,119.80164784864205,167.7624218956689,0.0,48,70,110,150,240,440,1100,1100,5300,5300,5300
