Type,Name,Request Count,Failure Count,Median Response Time,Average Response Time,Min Response Time,Max Response Time,Average Content Size,Requests/s,Failures/s,50%,66%,75%,80%,90%,95%,98%,99%,99.9%,99.99%,100%
GET,perf_check,10635,0,40,61.64879773559851,21.01332400161482,631.8325649990584,119.80037611659614,272.00100735641536,0.0,40,50,60,71,110,190,280,340,550,610,630
,Aggregated,10635,0,40,61.64879773559851,21.01332400161482,631.8325649990584,119.80037611659614,272.00100735641536,0.0,40,50,60,71,110,190,280,340,550,610,630
