Type,Name,Request Count,Failure Count,Median Response Time,Average Response Time,Min Response Time,Max Response Time,Average Content Size,Requests/s,Failures/s,50%,66%,75%,80%,90%,95%,98%,99%,99.9%,99.99%,100%
GET,perf_check,13809,0,55,85.2720666914256,20.26867199856497,814.5779599999514,119.79911651821276,352.86709597474373,0.0,55,70,85,97,200,270,380,490,600,700,810
,Aggregated,13809,0,55,85.2720666914256,20.26867199856497,814.5779599999514,119.79911651821276,352.86709597474373,0.0,55,70,85,97,200,270,380,490,600,700,810
