Type,Name,Request Count,Failure Count,Median Response Time,Average Response Time,Min Response Time,Max Response Time,Average Content Size,Requests/s,Failures/s,50%,66%,75%,80%,90%,95%,98%,99%,99.9%,99.99%,100%
GET,perf_check,214,120,140.0,1652.119715088855,42.24298300141527,20067.410003000987,52.59345794392523,9.689984093235852,5.433635940132253,140,470,510,520,4800,10000,20000,20000,20000,20000,20000
,Aggregated,214,120,140.0,1652.119715088855,42.24298300141527,20067.410003000987,52.59345794392523,9.689984093235852,5.433635940132253,140,470,510,520,4800,10000,20000,20000,20000,20000,20000
