Type,Name,Request Count,Failure Count,Median Response Time,Average Response Time,Min Response Time,Max Response Time,Average Content Size,Requests/s,Failures/s,50%,66%,75%,80%,90%,95%,98%,99%,99.9%,99.99%,100%
GET,perf_check,3566,0,36,51.67106515370453,21.516545999475056,502.76585900064674,119.78575434660684,91.63211024656157,0.0,36,44,52,58,88,160,200,220,300,500,500
,Aggregated,3566,0,36,51.67106515370453,21.516545999475056,502.76585900064674,119.78575434660684,91.63211024656157,0.0,36,44,52,58,88,160,200,220,300,500,500
