Type,Name,Request Count,Failure Count,Median Response Time,Average Response Time,Min Response Time,Max Response Time,Average Content Size,Requests/s,Failures/s,50%,66%,75%,80%,90%,95%,98%,99%,99.9%,99.99%,100%
GET,perf_check,7078,0,38,58.062948344011424,22.175183999934234,312.8251310008636,119.79287934444758,180.9232176807836,0.0,38,47,60,77,130,180,200,210,300,310,310
,Aggregated,7078,0,38,58.062948344011424,22.175183999934234,312.8251310008636,119.79287934444758,180.9232176807836,0.0,38,47,60,77,130,180,200,210,300,310,310
