Type,Name,Request Count,Failure Count,Median Response Time,Average Response Time,Min Response Time,Max Response Time,Average Content Size,Requests/s,Failures/s,50%,66%,75%,80%,90%,95%,98%,99%,99.9%,99.99%,100%
GET,perf_check,4392,0,61,1038.5799429915837,21.38072799971269,24475.930639999206,119.78051001821494,112.76262248953132,0.0,61,92,170,230,510,3900,18000,20000,24000,24000,24000
,Aggregated,4392,0,61,1038.5799429915837,21.38072799971269,24475.930639999206,119.78051001821494,112.76262248953132,0.0,61,92,170,230,510,3900,18000,20000,24000,24000,24000
