Type,Name,Request Count,Failure Count,Median Response Time,Average Response Time,Min Response Time,Max Response Time,Average Content Size,Requests/s,Failures/s,50%,66%,75%,80%,90%,95%,98%,99%,99.9%,99.99%,100%
GET,perf_check,12143,0,80,233.97903886172193,22.020751001036842,6064.197915000477,119.78357901671745,310.50823934779277,0.0,80,120,180,220,550,870,1100,4600,5400,6100,6100
,Aggregated,12143,0,80,233.97903886172193,22.020751001036842,6064.197915000477,119.78357901671745,310.50823934779277,0.0,80,120,180,220,550,870,1100,4600,5400,6100,6100
