Type,Name,Request Count,Failure Count,Median Response Time,Average Response Time,Min Response Time,Max Response Time,Average Content Size,Requests/s,Failures/s,50%,66%,75%,80%,90%,95%,98%,99%,99.9%,99.99%,100%
GET,perf_check,15608,0,120.0,203.82795120918576,22.27533699988271,2340.742088999832,119.78190671450538,398.0914074279342,0.0,120,190,220,240,460,800,1100,1200,1700,2200,2300
,Aggregated,15608,0,120.0,203.82795120918576,22.27533699988271,2340.742088999832,119.78190671450538,398.0914074279342,0.0,120,190,220,240,460,800,1100,1200,1700,2200,2300
