Type,Name,Request Count,Failure Count,Median Response Time,Average Response Time,Min Response Time,Max Response Time,Average Content Size,Requests/s,Failures/s,50%,66%,75%,80%,90%,95%,98%,99%,99.9%,99.99%,100%
GET,perf_check,540,0,31,33.02877485359069,21.54121999774361,88.43715799957863,118.8037037037037,18.64515073195163,0.0,31,34,36,37,41,45,60,66,88,88,88
,Aggregated,540,0,31,33.02877485359069,21.54121999774361,88.43715799957863,118.8037037037037,18.64515073195163,0.0,31,34,36,37,41,45,60,66,88,88,88
