Type,Name,Request Count,Failure Count,Median Response Time,Average Response Time,Min Response Time,Max Response Time,Average Content Size,Requests/s,Failures/s,50%,66%,75%,80%,90%,95%,98%,99%,99.9%,99.99%,100%
GET,perf_check,789,0,31,54.46887122438684,21.549381999648176,1642.5074230028258,118.84157160963245,27.145141623761376,0.0,31,33,36,39,50,67,690,740,1600,1600,1600
,Aggregated,789,0,31,54.46887122438684,21.549381999648176,1642.5074230028258,118.84157160963245,27.145141623761376,0.0,31,33,36,39,50,67,690,740,1600,1600,1600
