Type,Name,Request Count,Failure Count,Median Response Time,Average Response Time,Min Response Time,Max Response Time,Average Content Size,Requests/s,Failures/s,50%,66%,75%,80%,90%,95%,98%,99%,99.9%,99.99%,100%
GET,perf_check,1061,0,30,40.20043193027054,21.789563001220813,724.3213709989504,118.83317624882187,36.48668973845244,0.0,30,32,34,36,43,70,150,280,720,720,720
,Aggregated,1061,0,30,40.20043193027054,21.789563001220813,724.3213709989504,118.83317624882187,36.48668973845244,0.0,30,32,34,36,43,70,150,280,720,720,720
