Type,Name,Request Count,Failure Count,Median Response Time,Average Response Time,Min Response Time,Max Response Time,Average Content Size,Requests/s,Failures/s,50%,66%,75%,80%,90%,95%,98%,99%,99.9%,99.99%,100%
GET,perf_check,280,0,33,282.7175714320999,23.755811002047267,5273.45248599886,118.81785714285714,14.72494969603468,0.0,33,40,47,55,280,2300,4200,5200,5300,5300,5300
,Aggregated,280,0,33,282.7175714320999,23.755811002047267,5273.45248599886,118.81785714285714,14.72494969603468,0.0,33,40,47,55,280,2300,4200,5200,5300,5300,5300
