Type,Name,Request Count,Failure Count,Median Response Time,Average Response Time,Min Response Time,Max Response Time,Average Content Size,Requests/s,Failures/s,50%,66%,75%,80%,90%,95%,98%,99%,99.9%,99.99%,100%
GET,perf_check,500,0,37,52.22245643997303,22.71119899887708,216.93404300094699,118.834,26.430160300978006,0.0,37,42,48,52,100,190,200,200,220,220,220
,Aggregated,500,0,37,52.22245643997303,22.71119899887708,216.93404300094699,118.834,26.430160300978006,0.0,37,42,48,52,100,190,200,200,220,220,220
