Type,Name,Request Count,Failure Count,Median Response Time,Average Response Time,Min Response Time,Max Response Time,Average Content Size,Requests/s,Failures/s,50%,66%,75%,80%,90%,95%,98%,99%,99.9%,99.99%,100%
GET,perf_check,540,0,29,31.617535229652614,22.797866000018985,81.92759700023089,118.82222222222222,18.672514231055164,0.0,29,31,32,33,37,54,65,68,82,82,82
,Aggregated,540,0,29,31.617535229652614,22.797866000018985,81.92759700023089,118.82222222222222,18.672514231055164,0.0,29,31,32,33,37,54,65,68,82,82,82
