Type,Name,Request Count,Failure Count,Median Response Time,Average Response Time,Min Response Time,Max Response Time,Average Content Size,Requests/s,Failures/s,50%,66%,75%,80%,90%,95%,98%,99%,99.9%,99.99%,100%
GET,perf_check,810,0,29,31.3386653666654,22.42560800004867,80.4875250000805,118.77160493827161,27.972187592587645,0.0,29,31,32,33,37,52,63,66,80,80,80
,Aggregated,810,0,29,31.3386653666654,22.42560800004867,80.4875250000805,118.77160493827161,27.972187592587645,0.0,29,31,32,33,37,52,63,66,80,80,80
