Type,Name,Request Count,Failure Count,Median Response Time,Average Response Time,Min Response Time,Max Response Time,Average Content Size,Requests/s,Failures/s,50%,66%,75%,80%,90%,95%,98%,99%,99.9%,99.99%,100%
GET,perf_check,312,0,35,104.74551609292622,21.652952000295045,1009.5658970003569,118.80448717948718,17.062050305284895,0.0,36,49,57,74,200,570,930,1000,1000,1000,1000
,Aggregated,312,0,35,104.74551609292622,21.652952000295045,1009.5658970003569,118.80448717948718,17.062050305284895,0.0,36,49,57,74,200,570,930,1000,1000,1000,1000
