Type,Name,Request Count,Failure Count,Median Response Time,Average Response Time,Min Response Time,Max Response Time,Average Content Size,Requests/s,Failures/s,50%,66%,75%,80%,90%,95%,98%,99%,99.9%,99.99%,100%
GET,perf_check,480,0,33,86.58910745622279,21.758322000096086,683.5679670002719,118.8625,25.76367886326365,0.0,33,46,57,72,150,680,680,680,680,680,680
,Aggregated,480,0,33,86.58910745622279,21.758322000096086,683.5679670002719,118.8625,25.76367886326365,0.0,33,46,57,72,150,680,680,680,680,680,680
