Type,Name,Request Count,Failure Count,Median Response Time,Average Response Time,Min Response Time,Max Response Time,Average Content Size,Requests/s,Failures/s,50%,66%,75%,80%,90%,95%,98%,99%,99.9%,99.99%,100%
GET,perf_check,3504,0,43,64.45952972717143,21.852044999832287,491.757805000816,119.80479452054794,90.05420225958527,0.0,43,55,68,78,160,180,210,230,290,490,490
,Aggregated,3504,0,43,64.45952972717143,21.852044999832287,491.757805000816,119.80479452054794,90.05420225958527,0.0,43,55,68,78,160,180,210,230,290,490,490
