Type,Name,Request Count,Failure Count,Median Response Time,Average Response Time,Min Response Time,Max Response Time,Average Content Size,Requests/s,Failures/s,50%,66%,75%,80%,90%,95%,98%,99%,99.9%,99.99%,100%
GET,perf_check,2713,0,36,391.5689687346195,20.699756998510566,8564.181943000222,119.8123848138592,69.45360797471191,0.0,36,54,66,71,140,330,8000,8300,8600,8600,8600
,Aggregated,2713,0,36,391.5689687346195,20.699756998510566,8564.181943000222,119.8123848138592,69.45360797471191,0.0,36,54,66,71,140,330,8000,8300,8600,8600,8600
