Type,Name,Request Count,Failure Count,Median Response Time,Average Response Time,Min Response Time,Max Response Time,Average Content Size,Requests/s,Failures/s,50%,66%,75%,80%,90%,95%,98%,99%,99.9%,99.99%,100%
GET,perf_check,7144,0,36,50.457897371657594,21.072665998872253,465.31917299944325,119.78177491601343,183.04497007896862,0.0,36,43,50,55,87,140,200,220,280,470,470
,Aggregated,7144,0,36,50.457897371657594,21.072665998872253,465.31917299944325,119.78177491601343,183.04497007896862,0.0,36,43,50,55,87,140,200,220,280,470,470
