Type,Name,Request Count,Failure Count,Median Response Time,Average Response Time,Min Response Time,Max Response Time,Average Content Size,Requests/s,Failures/s,50%,66%,75%,80%,90%,95%,98%,99%,99.9%,99.99%,100%
GET,perf_check,10444,0,49,76.01220352068827,20.92136200008099,765.7424270000774,119.77901187284566,268.1219461736145,0.0,49,67,94,110,170,210,270,330,570,750,770
,Aggregated,10444,0,49,76.01220352068827,20.92136200008099,765.7424270000774,119.77901187284566,268.1219461736145,0.0,49,67,94,110,170,210,270,330,570,750,770
