Type,Name,Request Count,Failure Count,Median Response Time,Average Response Time,Min Response Time,Max Response Time,Average Content Size,Requests/s,Failures/s,50%,66%,75%,80%,90%,95%,98%,99%,99.9%,99.99%,100%
GET,perf_check,294,116,160.0,1556.2488572652592,40.667318000487285,20076.757400000133,72.53401360544218,13.059538376264575,5.152743032811873,160,410,1700,1700,1800,10000,20000,20000,20000,20000,20000
,Aggregated,294,116,160.0,1556.2488572652592,40.667318000487285,20076.757400000133,72.53401360544218,13.059538376264575,5.152743032811873,160,410,1700,1700,1800,10000,20000,20000,20000,20000,20000
