Type,Name,Request Count,Failure Count,Median Response Time,Average Response Time,Min Response Time,Max Response Time,Average Content Size,Requests/s,Failures/s,50%,66%,75%,80%,90%,95%,98%,99%,99.9%,99.99%,100%
GET,perf_check,520,0,43,55.38475989232771,24.445799000204715,162.54016799939563,118.75384615384615,18.0961782219243,0.0,44,57,68,73,100,130,150,160,160,160,160
,Aggregated,520,0,43,55.38475989232771,24.445799000204715,162.54016799939563,118.75384615384615,18.0961782219243,0.0,44,57,68,73,100,130,150,160,160,160,160
