Type,Name,Request Count,Failure Count,Median Response Time,Average Response Time,Min Response Time,Max Response Time,Average Content Size,Requests/s,Failures/s,50%,66%,75%,80%,90%,95%,98%,99%,99.9%,99.99%,100%
GET,perf_check,780,0,48,56.91631157950001,22.894904000168026,209.88608800053044,118.83974358974359,27.065966886925104,0.0,48,61,66,71,98,120,140,160,210,210,210
,Aggregated,780,0,48,56.91631157950001,22.894904000168026,209.88608800053044,118.83974358974359,27.065966886925104,0.0,48,61,66,71,98,120,140,160,210,210,210
