Type,Name,Request Count,Failure Count,Median Response Time,Average Response Time,Min Response Time,Max Response Time,Average Content Size,Requests/s,Failures/s,50%,66%,75%,80%,90%,95%,98%,99%,99.9%,99.99%,100%
GET,perf_check,520,0,31,48.821534903821046,21.21744999931252,192.35088599998562,118.80961538461538,18.27748987253253,0.0,31,48,60,65,110,120,170,180,190,190,190
,Aggregated,520,0,31,48.821534903821046,21.21744999931252,192.35088599998562,118.80961538461538,18.27748987253253,0.0,31,48,60,65,110,120,170,180,190,190,190
