Type,Name,Request Count,Failure Count,Median Response Time,Average Response Time,Min Response Time,Max Response Time,Average Content Size,Requests/s,Failures/s,50%,66%,75%,80%,90%,95%,98%,99%,99.9%,99.99%,100%
GET,perf_check,780,0,53,57.61462194873508,24.377673000344657,227.28708700014977,118.82307692307693,27.085402745331468,0.0,53,65,72,77,98,110,120,130,230,230,230
,Aggregated,780,0,53,57.61462194873508,24.377673000344657,227.28708700014977,118.82307692307693,27.085402745331468,0.0,53,65,72,77,98,110,120,130,230,230,230
