Type,Name,Request Count,Failure Count,Median Response Time,Average Response Time,Min Response Time,Max Response Time,Average Content Size,Requests/s,Failures/s,50%,66%,75%,80%,90%,95%,98%,99%,99.9%,99.99%,100%
GET,perf_check,3353,0,36,103.512488687444,20.585313000992755,1420.0530639991484,119.79958246346555,86.18947508540042,0.0,36,45,83,110,180,340,1000,1100,1100,1400,1400
,Aggregated,3353,0,36,103.512488687444,20.585313000992755,1420.0530639991484,119.79958246346555,86.18947508540042,0.0,36,45,83,110,180,340,1000,1100,1100,1400,1400
