Type,Name,Request Count,Failure Count,Median Response Time,Average Response Time,Min Response Time,Max Response Time,Average Content Size,Requests/s,Failures/s,50%,66%,75%,80%,90%,95%,98%,99%,99.9%,99.99%,100%
GET,perf_check,6642,0,57,132.1927124173382,21.55306300119264,1579.2181360011455,119.79885576633544,169.6930857304689,0.0,57,85,110,150,230,680,1100,1100,1300,1600,1600
,Aggregated,6642,0,57,132.1927124173382,21.55306300119264,1579.2181360011455,119.79885576633544,169.6930857304689,0.0,57,85,110,150,230,680,1100,1100,1300,1600,1600
