Type,Name,Request Count,Failure Count,Median Response Time,Average Response Time,Min Response Time,Max Response Time,Average Content Size,Requests/s,Failures/s,50%,66%,75%,80%,90%,95%,98%,99%,99.9%,99.99%,100%
GET,perf_check,10382,0,52,81.73147048526265,21.20874599859235,2298.9298880002025,119.79984588711231,265.59324258282686,0.0,52,70,91,110,180,230,340,390,550,1000,2300
,Aggregated,10382,0,52,81.73147048526265,21.20874599859235,2298.9298880002025,119.79984588711231,265.59324258282686,0.0,52,70,91,110,180,230,340,390,550,1000,2300
