Type,Name,Request Count,Failure Count,Median Response Time,Average Response Time,Min Response Time,Max Response Time,Average Content Size,Requests/s,Failures/s,50%,66%,75%,80%,90%,95%,98%,99%,99.9%,99.99%,100%
GET,perf_check,13680,0,62,94.36765377558999,20.871915001407615,1235.899793999124,119.81008771929825,349.5604618600104,0.0,62,90,110,130,190,250,370,430,710,1200,1200
,Aggregated,13680,0,62,94.36765377558999,20.871915001407615,1235.899793999124,119.81008771929825,349.5604618600104,0.0,62,90,110,130,190,250,370,430,710,1200,1200
