Type,Name,Request Count,Failure Count,Median Response Time,Average Response Time,Min Response Time,Max Response Time,Average Content Size,Requests/s,Failures/s,50%,66%,75%,80%,90%,95%,98%,99%,99.9%,99.99%,100%
GET,perf_check,16854,0,70,107.25576114625716,20.470940000450355,1158.591608000279,119.80135279458882,432.38325176272014,0.0,70,94,120,140,230,310,410,560,760,1100,1200
,Aggregated,16854,0,70,107.25576114625716,20.470940000450355,1158.591608000279,119.80135279458882,432.38325176272014,0.0,70,94,120,140,230,310,410,560,760,1100,1200
