Type,Name,Request Count,Failure Count,Median Response Time,Average Response Time,Min Response Time,Max Response Time,Average Content Size,Requests/s,Failures/s,50%,66%,75%,80%,90%,95%,98%,99%,99.9%,99.99%,100%
GET,perf_check,520,0,30,32.24023027692492,22.96804799993879,72.34341599996696,118.82115384615385,18.625840561779704,0.0,30,32,33,35,41,53,65,67,72,72,72
,Aggregated,520,0,30,32.24023027692492,22.96804799993879,72.34341599996696,118.82115384615385,18.625840561779704,0.0,30,32,33,35,41,53,65,67,72,72,72
