Type,Name,Request Count,Failure Count,Median Response Time,Average Response Time,Min Response Time,Max Response Time,Average Content Size,Requests/s,Failures/s,50%,66%,75%,80%,90%,95%,98%,99%,99.9%,99.99%,100%
GET,perf_check,780,0,31,40.88276879230747,21.295711999982814,162.93501700010893,118.8051282051282,27.69888372018596,0.0,31,34,40,46,71,99,140,160,160,160,160
,Aggregated,780,0,31,40.88276879230747,21.295711999982814,162.93501700010893,118.8051282051282,27.69888372018596,0.0,31,34,40,46,71,99,140,160,160,160,160
