Type,Name,Request Count,Failure Count,Median Response Time,Average Response Time,Min Response Time,Max Response Time,Average Content Size,Requests/s,Failures/s,50%,66%,75%,80%,90%,95%,98%,99%,99.9%,99.99%,100%
GET,perf_check,340,0,40,48.673335329383065,24.471361999530927,192.39825299973745,118.83823529411765,17.931532679200135,0.0,40,47,56,60,83,110,180,190,190,190,190
,Aggregated,340,0,40,48.673335329383065,24.471361999530927,192.39825299973745,118.83823529411765,17.931532679200135,0.0,40,47,56,60,83,110,180,190,190,190,190
