Type,Name,Request Count,Failure Count,Median Response Time,Average Response Time,Min Response Time,Max Response Time,Average Content Size,Requests/s,Failures/s,50%,66%,75%,80%,90%,95%,98%,99%,99.9%,99.99%,100%
GET,perf_check,496,0,37,52.20113720967432,23.514460000114923,245.04976499974873,118.79838709677419,26.1180931517025,0.0,37,56,64,67,81,120,190,200,250,250,250
,Aggregated,496,0,37,52.20113720967432,23.514460000114923,245.04976499974873,118.79838709677419,26.1180931517025,0.0,37,56,64,67,81,120,190,200,250,250,250
