Type,Name,Request Count,Failure Count,Median Response Time,Average Response Time,Min Response Time,Max Response Time,Average Content Size,Requests/s,Failures/s,50%,66%,75%,80%,90%,95%,98%,99%,99.9%,99.99%,100%
GET,perf_check,532,0,32,37.58985347180719,22.665657999823452,135.48850699999093,118.80075187969925,18.299574228558615,0.0,32,34,36,39,56,83,100,110,140,140,140
,Aggregated,532,0,32,37.58985347180719,22.665657999823452,135.48850699999093,118.80075187969925,18.299574228558615,0.0,32,34,36,39,56,83,100,110,140,140,140
