Type,Name,Request Count,Failure Count,Median Response Time,Average Response Time,Min Response Time,Max Response Time,Average Content Size,Requests/s,Failures/s,50%,66%,75%,80%,90%,95%,98%,99%,99.9%,99.99%,100%
GET,perf_check,810,0,30,32.25886656543456,23.15830299994559,69.03115999989495,118.81728395061728,27.964469127130677,0.0,30,32,33,34,39,49,59,63,69,69,69
,Aggregated,810,0,30,32.25886656543456,23.15830299994559,69.03115999989495,118.81728395061728,27.964469127130677,0.0,30,32,33,34,39,49,59,63,69,69,69
