Type,Name,Request Count,Failure Count,Median Response Time,Average Response Time,Min Response Time,Max Response Time,Average Content Size,Requests/s,Failures/s,50%,66%,75%,80%,90%,95%,98%,99%,99.9%,99.99%,100%
GET,perf_check,3600,0,35,50.470981615270205,21.826217000125325,287.8927229994588,119.7838888888889,92.29316996365513,0.0,35,44,52,62,97,130,190,190,210,290,290
,Aggregated,3600,0,35,50.470981615270205,21.826217000125325,287.8927229994588,119.7838888888889,92.29316996365513,0.0,35,44,52,62,97,130,190,190,210,290,290
