Type,Name,Request Count,Failure Count,Median Response Time,Average Response Time,Min Response Time,Max Response Time,Average Content Size,Requests/s,Failures/s,50%,66%,75%,80%,90%,95%,98%,99%,99.9%,99.99%,100%
GET,perf_check,4340,0,49,726.3633534827263,22.29999900009716,17048.68546600119,119.80092165898617,111.20551711653474,0.0,49,77,110,170,390,3800,15000,16000,16000,17000,17000
,Aggregated,4340,0,49,726.3633534827263,22.29999900009716,17048.68546600119,119.80092165898617,111.20551711653474,0.0,49,77,110,170,390,3800,15000,16000,16000,17000,17000
