Type,Name,Request Count,Failure Count,Median Response Time,Average Response Time,Min Response Time,Max Response Time,Average Content Size,Requests/s,Failures/s,50%,66%,75%,80%,90%,95%,98%,99%,99.9%,99.99%,100%
GET,perf_check,9706,0,67,154.6213288724463,21.240613001282327,1659.017952000795,119.7805481145683,247.97118591923214,0.0,67,100,140,180,370,820,1000,1100,1600,1700,1700
,Aggregated,9706,0,67,154.6213288724463,21.240613001282327,1659.017952000795,119.7805481145683,247.97118591923214,0.0,67,100,140,180,370,820,1000,1100,1600,1700,1700
