Type,Name,Request Count,Failure Count,Median Response Time,Average Response Time,Min Response Time,Max Response Time,Average Content Size,Requests/s,Failures/s,50%,66%,75%,80%,90%,95%,98%,99%,99.9%,99.99%,100%
GET,perf_check,12674,0,94,185.32730140129624,22.002292000252055,2136.869468000441,119.77797064857188,323.67865187650335,0.0,94,150,190,220,450,860,1100,1100,1600,2100,2100
,Aggregated,12674,0,94,185.32730140129624,22.002292000252055,2136.869468000441,119.77797064857188,323.67865187650335,0.0,94,150,190,220,450,860,1100,1100,1600,2100,2100
