Type,Name,Request Count,Failure Count,Median Response Time,Average Response Time,Min Response Time,Max Response Time,Average Content Size,Requests/s,Failures/s,50%,66%,75%,80%,90%,95%,98%,99%,99.9%,99.99%,100%
GET,perf_check,15174,0,130.0,229.36093202359405,20.40710800065426,2460.500735000096,119.79036509819429,387.43258675235506,0.0,130,190,220,250,580,980,1300,1500,1900,2300,2500
,Aggregated,15174,0,130.0,229.36093202359405,20.40710800065426,2460.500735000096,119.79036509819429,387.43258675235506,0.0,130,190,220,250,580,980,1300,1500,1900,2300,2500
