Type,Name,Request Count,Failure Count,Median Response Time,Average Response Time,Min Response Time,Max Response Time,Average Content Size,Requests/s,Failures/s,50%,66%,75%,80%,90%,95%,98%,99%,99.9%,99.99%,100%
GET,perf_check,2383,0,39,191.9321061619714,21.05634700092196,7093.651655999565,119.8052874527906,60.98388852635926,0.0,39,48,70,100,180,260,2200,5200,7100,7100,7100
,Aggregated,2383,0,39,191.9321061619714,21.05634700092196,7093.651655999565,119.8052874527906,60.98388852635926,0.0,39,48,70,100,180,260,2200,5200,7100,7100,7100
