Type,Name,Request Count,Failure Count,Median Response Time,Average Response Time,Min Response Time,Max Response Time,Average Content Size,Requests/s,Failures/s,50%,66%,75%,80%,90%,95%,98%,99%,99.9%,99.99%,100%
GET,perf_check,3146,0,33,193.9111980769181,21.33315399987623,10952.128910999818,119.78480610298791,80.51036239698912,0.0,33,41,50,59,160,230,380,9600,11000,11000,11000
,Aggregated,3146,0,33,193.9111980769181,21.33315399987623,10952.128910999818,119.78480610298791,80.51036239698912,0.0,33,41,50,59,160,230,380,9600,11000,11000,11000
