Type,Name,Request Count,Failure Count,Median Response Time,Average Response Time,Min Response Time,Max Response Time,Average Content Size,Requests/s,Failures/s,50%,66%,75%,80%,90%,95%,98%,99%,99.9%,99.99%,100%
GET,perf_check,3511,0,41,59.46187875051639,22.33510599944566,559.5298090011056,119.79749359156935,90.08453047029043,0.0,41,47,54,62,120,180,220,250,380,560,560
,Aggregated,3511,0,41,59.46187875051639,22.33510599944566,559.5298090011056,119.79749359156935,90.08453047029043,0.0,41,47,54,62,120,180,220,250,380,560,560
