Type,Name,Request Count,Failure Count,Median Response Time,Average Response Time,Min Response Time,Max Response Time,Average Content Size,Requests/s,Failures/s,50%,66%,75%,80%,90%,95%,98%,99%,99.9%,99.99%,100%
GET,perf_check,7021,0,45,64.98731254435819,22.173748999193776,535.5289279996214,119.79717988890471,180.33367522065106,0.0,45,58,72,84,120,190,210,290,370,540,540
,Aggregated,7021,0,45,64.98731254435819,22.173748999193776,535.5289279996214,119.79717988890471,180.33367522065106,0.0,45,58,72,84,120,190,210,290,370,540,540
