Type,Name,Request Count,Failure Count,Median Response Time,Average Response Time,Min Response Time,Max Response Time,Average Content Size,Requests/s,Failures/s,50%,66%,75%,80%,90%,95%,98%,99%,99.9%,99.99%,100%
GET,perf_check,10336,0,56,84.20893353298746,22.3049380001612,926.866832000087,119.78831269349845,264.2486416184749,0.0,56,74,96,110,190,220,310,350,540,680,930
,Aggregated,10336,0,56,84.20893353298746,22.3049380001612,926.866832000087,119.78831269349845,264.2486416184749,0.0,56,74,96,110,190,220,310,350,540,680,930
