Type,Name,Request Count,Failure Count,Median Response Time,Average Response Time,Min Response Time,Max Response Time,Average Content Size,Requests/s,Failures/s,50%,66%,75%,80%,90%,95%,98%,99%,99.9%,99.99%,100%
GET,perf_check,13893,0,51,75.867446718706,21.700262999729603,1251.9202830007998,119.79939537896783,355.1991213568814,0.0,51,64,78,91,150,220,340,400,550,1100,1300
,Aggregated,13893,0,51,75.867446718706,21.700262999729603,1251.9202830007998,119.79939537896783,355.1991213568814,0.0,51,64,78,91,150,220,340,400,550,1100,1300
