Type,Name,Request Count,Failure Count,Median Response Time,Average Response Time,Min Response Time,Max Response Time,Average Content Size,Requests/s,Failures/s,50%,66%,75%,80%,90%,95%,98%,99%,99.9%,99.99%,100%
GET,perf_check,16714,0,78,115.70103792534321,20.960661000572145,2622.133008999299,119.7869450759842,427.1371850677602,0.0,78,99,120,140,220,330,530,630,1200,2500,2600
,Aggregated,16714,0,78,115.70103792534321,20.960661000572145,2622.133008999299,119.7869450759842,427.1371850677602,0.0,78,99,120,140,220,330,530,630,1200,2500,2600
