Type,Name,Request Count,Failure Count,Median Response Time,Average Response Time,Min Response Time,Max Response Time,Average Content Size,Requests/s,Failures/s,50%,66%,75%,80%,90%,95%,98%,99%,99.9%,99.99%,100%
GET,perf_check,22414,162,350.0,421.5083090109631,28.425388998584822,23082.76248599941,1336.0355135183368,568.2667477459104,4.107219288607008,350,410,450,480,640,880,1600,2400,5500,11000,23000
,Aggregated,22414,162,350.0,421.5083090109631,28.425388998584822,23082.76248599941,1336.0355135183368,568.2667477459104,4.107219288607008,350,410,450,480,640,880,1600,2400,5500,11000,23000
