Type,Name,Request Count,Failure Count,Median Response Time,Average Response Time,Min Response Time,Max Response Time,Average Content Size,Requests/s,Failures/s,50%,66%,75%,80%,90%,95%,98%,99%,99.9%,99.99%,100%
GET,perf_check,19473,0,100.0,147.17415895552537,22.88135299932037,5393.6954910004715,119.79294407641349,495.26364121593093,0.0,100,140,180,210,290,380,530,630,1300,5100,5400
,Aggregated,19473,0,100.0,147.17415895552537,22.88135299932037,5393.6954910004715,119.79294407641349,495.26364121593093,0.0,100,140,180,210,290,380,530,630,1300,5100,5400
