Type,Name,Request Count,Failure Count,Median Response Time,Average Response Time,Min Response Time,Max Response Time,Average Content Size,Requests/s,Failures/s,50%,66%,75%,80%,90%,95%,98%,99%,99.9%,99.99%,100%
GET,perf_check,24731,0,170.0,209.62422206352642,22.493501999633736,5339.838976000465,119.7863005943957,627.0947117342279,0.0,170,220,250,270,400,520,700,1100,1500,2500,5300
,Aggregated,24731,0,170.0,209.62422206352642,22.493501999633736,5339.838976000465,119.7863005943957,627.0947117342279,0.0,170,220,250,270,400,520,700,1100,1500,2500,5300
