Type,Name,Request Count,Failure Count,Median Response Time,Average Response Time,Min Response Time,Max Response Time,Average Content Size,Requests/s,Failures/s,50%,66%,75%,80%,90%,95%,98%,99%,99.9%,99.99%,100%
GET,perf_check,6993,331,200.0,3053.116235579868,22.620910000114236,37019.40002599986,7834.99856999857,178.33624851656612,8.441198092232716,200,280,410,510,16000,26000,27000,31000,36000,37000,37000
,Aggregated,6993,331,200.0,3053.116235579868,22.620910000114236,37019.40002599986,7834.99856999857,178.33624851656612,8.441198092232716,200,280,410,510,16000,26000,27000,31000,36000,37000,37000
