Type,Name,Request Count,Failure Count,Median Response Time,Average Response Time,Min Response Time,Max Response Time,Average Content Size,Requests/s,Failures/s,50%,66%,75%,80%,90%,95%,98%,99%,99.9%,99.99%,100%
GET,perf_check,520,0,47,57.38130143462198,25.12047599975631,239.24741599967092,118.79807692307692,18.09073140503936,0.0,47,65,72,79,99,120,130,130,240,240,240
,Aggregated,520,0,47,57.38130143462198,25.12047599975631,239.24741599967092,118.79807692307692,18.09073140503936,0.0,47,65,72,79,99,120,130,130,240,240,240
