Type,Name,Request Count,Failure Count,Median Response Time,Average Response Time,Min Response Time,Max Response Time,Average Content Size,Requests/s,Failures/s,50%,66%,75%,80%,90%,95%,98%,99%,99.9%,99.99%,100%
GET,perf_check,780,0,42,55.87336634231202,21.65942199917481,272.3086269998021,118.8051282051282,27.141800977174057,0.0,42,50,66,73,99,130,170,170,270,270,270
,Aggregated,780,0,42,55.87336634231202,21.65942199917481,272.3086269998021,118.8051282051282,27.141800977174057,0.0,42,50,66,73,99,130,170,170,270,270,270
