Type,Name,Request Count,Failure Count,Median Response Time,Average Response Time,Min Response Time,Max Response Time,Average Content Size,Requests/s,Failures/s,50%,66%,75%,80%,90%,95%,98%,99%,99.9%,99.99%,100%
GET,perf_check,520,0,45,57.48979110000549,22.223896000468812,189.13033999979234,118.80384615384615,18.064563644168963,0.0,46,68,75,81,99,120,170,180,190,190,190
,Aggregated,520,0,45,57.48979110000549,22.223896000468812,189.13033999979234,118.80384615384615,18.064563644168963,0.0,46,68,75,81,99,120,170,180,190,190,190
