Type,Name,Request Count,Failure Count,Median Response Time,Average Response Time,Min Response Time,Max Response Time,Average Content Size,Requests/s,Failures/s,50%,66%,75%,80%,90%,95%,98%,99%,99.9%,99.99%,100%
GET,perf_check,780,0,38,52.555737702583336,22.55552400038141,212.9099909998331,118.82051282051282,27.411199778535785,0.0,38,56,64,67,110,120,140,140,210,210,210
,Aggregated,780,0,38,52.555737702583336,22.55552400038141,212.9099909998331,118.82051282051282,27.411199778535785,0.0,38,56,64,67,110,120,140,140,210,210,210
