Type,Name,Request Count,Failure Count,Median Response Time,Average Response Time,Min Response Time,Max Response Time,Average Content Size,Requests/s,Failures/s,50%,66%,75%,80%,90%,95%,98%,99%,99.9%,99.99%,100%
GET,perf_check,520,0,56,57.890908482687124,24.31732000059128,201.36274099968432,118.78653846153846,18.059938556375656,0.0,57,63,69,78,95,110,140,180,200,200,200
,Aggregated,520,0,56,57.890908482687124,24.31732000059128,201.36274099968432,118.78653846153846,18.059938556375656,0.0,57,63,69,78,95,110,140,180,200,200,200
