Type,Name,Request Count,Failure Count,Median Response Time,Average Response Time,Min Response Time,Max Response Time,Average Content Size,Requests/s,Failures/s,50%,66%,75%,80%,90%,95%,98%,99%,99.9%,99.99%,100%
GET,perf_check,780,0,40,57.066207129487225,23.173175000010815,205.53036799992697,118.79615384615384,27.062158098577726,0.0,40,62,73,85,100,140,150,160,210,210,210
,Aggregated,780,0,40,57.066207129487225,23.173175000010815,205.53036799992697,118.79615384615384,27.062158098577726,0.0,40,62,73,85,100,140,150,160,210,210,210
