Type,Name,Request Count,Failure Count,Median Response Time,Average Response Time,Min Response Time,Max Response Time,Average Content Size,Requests/s,Failures/s,50%,66%,75%,80%,90%,95%,98%,99%,99.9%,99.99%,100%
GET,perf_check,3601,0,33,46.116442276050506,22.016675999111612,215.60916199996427,119.77867259094695,92.08909418156259,0.0,33,38,45,51,75,130,180,190,210,220,220
,Aggregated,3601,0,33,46.116442276050506,22.016675999111612,215.60916199996427,119.77867259094695,92.08909418156259,0.0,33,38,45,51,75,130,180,190,210,220,220
