Type,Name,Request Count,Failure Count,Median Response Time,Average Response Time,Min Response Time,Max Response Time,Average Content Size,Requests/s,Failures/s,50%,66%,75%,80%,90%,95%,98%,99%,99.9%,99.99%,100%
GET,perf_check,7030,0,41,65.9478174039988,20.753426000737818,564.8258600012923,119.79118065433855,180.6465956730109,0.0,41,51,61,70,170,210,270,340,530,560,560
,Aggregated,7030,0,41,65.9478174039988,20.753426000737818,564.8258600012923,119.79118065433855,180.6465956730109,0.0,41,51,61,70,170,210,270,340,530,560,560
