Type,Name,Request Count,Failure Count,Median Response Time,Average Response Time,Min Response Time,Max Response Time,Average Content Size,Requests/s,Failures/s,50%,66%,75%,80%,90%,95%,98%,99%,99.9%,99.99%,100%
GET,perf_check,10152,0,49,79.25720383933566,21.428729998660856,890.8433279993915,119.78792356185973,265.8244026132846,0.0,49,65,91,110,180,220,310,360,880,890,890
,Aggregated,10152,0,49,79.25720383933566,21.428729998660856,890.8433279993915,119.78792356185973,265.8244026132846,0.0,49,65,91,110,180,220,310,360,880,890,890
