Type,Name,Request Count,Failure Count,Median Response Time,Average Response Time,Min Response Time,Max Response Time,Average Content Size,Requests/s,Failures/s,50%,66%,75%,80%,90%,95%,98%,99%,99.9%,99.99%,100%
GET,perf_check,340,0,30,33.72231522650562,23.243363997607958,166.16112799965777,118.82941176470588,18.13605363068425,0.0,30,32,33,35,46,53,66,78,170,170,170
,Aggregated,340,0,30,33.72231522650562,23.243363997607958,166.16112799965777,118.82941176470588,18.13605363068425,0.0,30,32,33,35,46,53,66,78,170,170,170
