Type,Name,Request Count,Failure Count,Median Response Time,Average Response Time,Min Response Time,Max Response Time,Average Content Size,Requests/s,Failures/s,50%,66%,75%,80%,90%,95%,98%,99%,99.9%,99.99%,100%
GET,perf_check,510,0,32,34.81601508809784,24.067537997325417,98.28421500060358,118.7921568627451,27.301154925383667,0.0,32,34,35,37,48,59,72,81,98,98,98
,Aggregated,510,0,32,34.81601508809784,24.067537997325417,98.28421500060358,118.7921568627451,27.301154925383667,0.0,32,34,35,37,48,59,72,81,98,98,98
